match_id,skill_label,avg_rank_tier,cluster,region,duration_s,start_time,patch,leaver,status,bytes,seconds,valid_dem,run_id
8912754283,high,51.0,185.0,STOCKHOLM,1774.0,1784973925.0,60.0,ok,ok,36931089,11.2,True,eu_500
8912754142,low,12.0,184.0,STOCKHOLM,2051.0,1784973915.0,60.0,ok,ok,41727049,8.9,True,eu_500
8912754116,high,51.0,182.0,STOCKHOLM,3115.0,1784973916.0,60.0,ok,ok,71761885,5.4,True,eu_500
8912753408,low,12.0,185.0,STOCKHOLM,2541.0,1784973880.0,60.0,ok,ok,50430715,39.7,True,eu_500
8912753395,low,12.0,183.0,STOCKHOLM,2441.0,1784973875.0,60.0,ok,ok,54243275,5.2,True,eu_500
8912753948,high,51.0,273.0,EUROPE,3286.0,1784973901.0,60.0,ok,ok,72267607,24.8,True,eu_500
8912753365,low,12.0,193.0,AUSTRIA,3983.0,1784973871.0,60.0,ok,ok,81503055,5.8,True,eu_500
8912753839,high,51.0,182.0,STOCKHOLM,2938.0,1784973896.0,60.0,ok,ok,69558403,31.4,True,eu_500
8912752596,low,12.0,187.0,STOCKHOLM,1723.0,1784973840.0,60.0,ok,ok,33746048,5.6,True,eu_500
8912753646,high,51.0,183.0,STOCKHOLM,1896.0,1784973891.0,60.0,ok,ok,39560901,26.6,True,eu_500
8912754398,low,13.0,185.0,STOCKHOLM,3114.0,1784973930.0,60.0,ok,ok,67628963,4.6,True,eu_500
8912753553,high,51.0,187.0,STOCKHOLM,2563.0,1784973875.0,60.0,ok,ok,55258098,2.7,True,eu_500
8912754094,low,13.0,183.0,STOCKHOLM,2387.0,1784973915.0,60.0,ok,ok,50692210,3.4,True,eu_500
8912753263,low,13.0,182.0,STOCKHOLM,3370.0,1784973870.0,60.0,ok,ok,75822550,28.2,True,eu_500
8912752830,high,51.0,185.0,STOCKHOLM,2153.0,1784973851.0,60.0,ok,ok,45273272,25.6,True,eu_500
8912753193,low,13.0,181.0,STOCKHOLM,3181.0,1784973871.0,60.0,ok,ok,70321576,5.7,True,eu_500
8912752745,high,51.0,273.0,EUROPE,2815.0,1784973831.0,60.0,ok,ok,61296019,2.9,True,eu_500
8912754161,low,14.0,183.0,STOCKHOLM,2101.0,1784973916.0,60.0,ok,ok,42654319,24.6,True,eu_500
8912752699,high,51.0,184.0,STOCKHOLM,3953.0,1784973820.0,60.0,ok,ok,91022411,5.8,True,eu_500
8912753823,low,14.0,182.0,STOCKHOLM,1560.0,1784973891.0,60.0,ok,ok,38407261,1.9,True,eu_500
8912752659,high,51.0,184.0,STOCKHOLM,2720.0,1784973840.0,60.0,ok,ok,56932325,4.1,True,eu_500
8912752422,high,51.0,183.0,STOCKHOLM,3231.0,1784973830.0,60.0,ok,ok,78972083,30.0,True,eu_500
8912753256,low,14.0,274.0,EUROPE,2284.0,1784973865.0,60.0,ok,ok,45312851,5.3,True,eu_500
8912752408,high,51.0,272.0,EUROPE,2108.0,1784973820.0,60.0,ok,ok,46250096,16.0,True,eu_500
8912753129,low,14.0,192.0,AUSTRIA,3245.0,1784973865.0,60.0,ok,ok,71713139,6.0,True,eu_500
8912752374,high,51.0,185.0,STOCKHOLM,1817.0,1784973830.0,60.0,ok,ok,41777438,3.9,True,eu_500
8912753039,low,14.0,182.0,STOCKHOLM,3234.0,1784973860.0,60.0,ok,ok,70537666,5.6,True,eu_500
8912752368,high,51.0,272.0,EUROPE,1980.0,1784973825.0,60.0,ok,ok,46144072,21.9,True,eu_500
8912752723,low,14.0,183.0,STOCKHOLM,1940.0,1784973831.0,60.0,ok,ok,42643028,2.8,True,eu_500
8912752313,high,51.0,187.0,STOCKHOLM,2431.0,1784973821.0,60.0,ok,ok,52795995,3.9,True,eu_500
8912751747,low,14.0,274.0,EUROPE,2082.0,1784973795.0,60.0,ok,ok,41185073,11.9,True,eu_500
8912751474,low,14.0,187.0,STOCKHOLM,1676.0,1784973779.0,60.0,ok,ok,38111349,3.1,True,eu_500
8912752161,high,51.0,183.0,STOCKHOLM,1960.0,1784973815.0,60.0,ok,ok,41080724,17.1,True,eu_500
8912754186,low,15.0,181.0,STOCKHOLM,2842.0,1784973915.0,60.0,ok,ok,60503118,51.2,True,eu_500
8912752116,high,51.0,184.0,STOCKHOLM,3198.0,1784973806.0,60.0,ok,ok,71466665,7.4,True,eu_500
8912753922,low,15.0,185.0,STOCKHOLM,1909.0,1784973906.0,60.0,ok,ok,43067682,18.6,True,eu_500
8912753921,low,15.0,192.0,AUSTRIA,1667.0,1784973905.0,60.0,ok,ok,34792280,6.6,True,eu_500
8912751820,high,51.0,273.0,EUROPE,1550.0,1784973785.0,60.0,ok,ok,32590385,3.0,True,eu_500
8912751589,high,51.0,185.0,STOCKHOLM,2873.0,1784973790.0,60.0,ok,ok,74422353,67.3,True,eu_500
8912753117,low,15.0,184.0,STOCKHOLM,3338.0,1784973836.0,60.0,ok,ok,74681211,41.0,True,eu_500
8912751373,high,51.0,184.0,STOCKHOLM,2476.0,1784973776.0,60.0,ok,ok,55214545,25.8,True,eu_500
8912752706,low,15.0,193.0,AUSTRIA,2373.0,1784973844.0,60.0,ok,ok,50213010,7.7,True,eu_500
8912754284,high,52.0,184.0,STOCKHOLM,3200.0,1784973925.0,60.0,ok,ok,71153452,18.7,True,eu_500
8912751290,low,15.0,182.0,STOCKHOLM,2021.0,1784973765.0,60.0,ok,ok,41323072,12.0,True,eu_500
8912754091,high,52.0,272.0,EUROPE,2435.0,1784973915.0,60.0,ok,ok,54390908,4.4,True,eu_500
8912751274,low,15.0,187.0,STOCKHOLM,3644.0,1784973770.0,60.0,ok,ok,81638306,7.0,True,eu_500
8912753966,high,52.0,274.0,EUROPE,2475.0,1784973901.0,60.0,ok,ok,52301112,5.4,True,eu_500
8912753778,high,52.0,187.0,STOCKHOLM,2261.0,1784973881.0,60.0,ok,ok,54660238,5.4,True,eu_500
8912753742,high,52.0,181.0,STOCKHOLM,2927.0,1784973891.0,60.0,ok,ok,64405401,5.9,True,eu_500
8912754323,low,21.0,184.0,STOCKHOLM,3127.0,1784973925.0,60.0,ok,ok,68181783,52.8,True,eu_500
8912753720,high,52.0,181.0,STOCKHOLM,2120.0,1784973891.0,60.0,ok,ok,45465297,4.7,True,eu_500
8912753810,low,21.0,183.0,STOCKHOLM,2958.0,1784973901.0,60.0,ok,ok,65674054,47.6,True,eu_500
8912753608,high,52.0,181.0,STOCKHOLM,2854.0,1784973881.0,60.0,ok,ok,64269623,49.2,True,eu_500
8912753659,low,21.0,186.0,STOCKHOLM,3438.0,1784973890.0,60.0,ok,ok,77075048,9.0,True,eu_500
8912753470,high,52.0,185.0,STOCKHOLM,3022.0,1784973875.0,60.0,ok,ok,69572703,6.2,True,eu_500
8912753546,low,21.0,273.0,EUROPE,2927.0,1784973885.0,60.0,ok,ok,67228459,5.2,True,eu_500
8912752937,high,52.0,182.0,STOCKHOLM,2921.0,1784973855.0,60.0,ok,ok,65130134,44.0,True,eu_500
8912753026,low,21.0,187.0,STOCKHOLM,2512.0,1784973860.0,60.0,ok,ok,57917033,4.1,True,eu_500
8912752879,high,52.0,185.0,STOCKHOLM,2002.0,1784973855.0,60.0,ok,ok,42229051,3.4,True,eu_500
8912752935,low,21.0,183.0,STOCKHOLM,3053.0,1784973851.0,60.0,ok,ok,71003978,6.8,True,eu_500
8912752387,high,52.0,183.0,STOCKHOLM,1950.0,1784973825.0,60.0,ok,ok,42839890,4.1,True,eu_500
8912752920,low,21.0,274.0,EUROPE,2485.0,1784973854.0,60.0,ok,ok,51367164,4.1,True,eu_500
8912751974,high,52.0,183.0,STOCKHOLM,2328.0,1784973795.0,60.0,ok,ok,52371796,3.8,True,eu_500
8912752747,low,21.0,274.0,EUROPE,2073.0,1784973845.0,60.0,ok,ok,41535059,2.1,True,eu_500
8912751630,high,52.0,192.0,AUSTRIA,2542.0,1784973790.0,60.0,ok,ok,54480547,4.5,True,eu_500
8912752741,low,21.0,185.0,STOCKHOLM,1960.0,1784973815.0,60.0,ok,ok,43799412,3.0,True,eu_500
8912751580,high,52.0,182.0,STOCKHOLM,2488.0,1784973780.0,60.0,ok,ok,54734352,2.8,True,eu_500
8912752644,low,21.0,182.0,STOCKHOLM,2512.0,1784973840.0,60.0,ok,ok,54128131,4.0,True,eu_500
8912751441,high,52.0,182.0,STOCKHOLM,3542.0,1784973781.0,60.0,ok,ok,82895440,6.7,True,eu_500
8912752575,low,21.0,182.0,STOCKHOLM,2987.0,1784973835.0,60.0,ok,ok,64620780,18.8,True,eu_500
8912751781,low,21.0,182.0,STOCKHOLM,2341.0,1784973790.0,60.0,ok,ok,55340090,3.3,True,eu_500
8912754397,high,53.0,191.0,AUSTRIA,2342.0,1784973930.0,60.0,ok,ok,53456073,45.9,True,eu_500
8912751137,low,21.0,185.0,STOCKHOLM,3011.0,1784973761.0,60.0,ok,ok,63994532,5.1,True,eu_500
8912753976,high,53.0,182.0,STOCKHOLM,2363.0,1784973910.0,60.0,ok,ok,49695666,11.8,True,eu_500
8912751065,low,21.0,181.0,STOCKHOLM,3311.0,1784973744.0,60.0,ok,ok,72019491,5.9,True,eu_500
8912754002,low,22.0,185.0,STOCKHOLM,3551.0,1784973911.0,60.0,ok,ok,77701699,8.1,True,eu_500
8912753585,high,53.0,181.0,STOCKHOLM,3114.0,1784973885.0,60.0,ok,ok,79822539,6.2,True,eu_500
8912753969,low,22.0,272.0,EUROPE,2070.0,1784973905.0,60.0,ok,ok,42708449,13.0,True,eu_500
8912753571,high,53.0,185.0,STOCKHOLM,2162.0,1784973889.0,60.0,ok,ok,47370983,8.5,True,eu_500
8912753685,low,22.0,274.0,EUROPE,1959.0,1784973895.0,60.0,ok,ok,39734561,3.0,True,eu_500
8912753332,high,53.0,181.0,STOCKHOLM,3263.0,1784973866.0,60.0,ok,ok,74169327,6.2,True,eu_500
8912752755,high,53.0,272.0,EUROPE,1984.0,1784973845.0,60.0,ok,ok,45242123,3.2,True,eu_500
8912752144,high,53.0,186.0,STOCKHOLM,1470.0,1784973815.0,60.0,ok,ok,32879152,9.8,True,eu_500
8912751912,high,53.0,274.0,EUROPE,3737.0,1784973800.0,60.0,ok,ok,85990037,56.7,True,eu_500
8912751981,low,22.0,193.0,AUSTRIA,1869.0,1784973806.0,60.0,ok,ok,39273110,31.4,True,eu_500
8912751675,low,22.0,271.0,EUROPE,1871.0,1784973790.0,60.0,ok,ok,36668189,9.1,True,eu_500
8912751517,low,22.0,183.0,STOCKHOLM,2109.0,1784973785.0,60.0,ok,ok,44117044,2.7,True,eu_500
8912751487,low,22.0,184.0,STOCKHOLM,2393.0,1784973780.0,60.0,ok,ok,51166479,5.1,True,eu_500
8912754114,high,54.0,182.0,STOCKHOLM,1879.0,1784973916.0,60.0,ok,ok,40060056,3.3,True,eu_500
8912753991,high,54.0,182.0,STOCKHOLM,2234.0,1784973895.0,60.0,ok,ok,53096304,13.1,True,eu_500
8912753809,high,54.0,185.0,STOCKHOLM,1711.0,1784973901.0,60.0,ok,ok,37970260,11.8,True,eu_500
8912754249,low,23.0,184.0,STOCKHOLM,3569.0,1784973921.0,60.0,ok,ok,79721808,6.8,True,eu_500
8912753686,high,54.0,271.0,EUROPE,3695.0,1784973895.0,60.0,ok,ok,85787907,11.1,True,eu_500
8912753737,low,23.0,182.0,STOCKHOLM,2393.0,1784973885.0,60.0,ok,ok,50994686,11.4,True,eu_500
8912753568,high,54.0,185.0,STOCKHOLM,2301.0,1784973884.0,60.0,ok,ok,49210207,4.4,True,eu_500
8912753457,low,23.0,186.0,STOCKHOLM,1943.0,1784973879.0,60.0,ok,ok,37297728,3.9,True,eu_500
8912753385,high,54.0,181.0,STOCKHOLM,3745.0,1784973879.0,60.0,ok,ok,87575799,7.0,True,eu_500
8912753424,low,23.0,184.0,STOCKHOLM,1903.0,1784973880.0,60.0,ok,ok,40068078,4.1,True,eu_500
8912753296,high,54.0,272.0,EUROPE,1798.0,1784973875.0,60.0,ok,ok,37352404,7.7,True,eu_500
8912753398,low,23.0,183.0,STOCKHOLM,2475.0,1784973875.0,60.0,ok,ok,53504555,20.3,True,eu_500
8912753396,low,23.0,185.0,STOCKHOLM,1757.0,1784973875.0,60.0,ok,ok,36107706,2.3,True,eu_500
8912752748,high,54.0,274.0,EUROPE,2817.0,1784973845.0,60.0,ok,ok,65239470,43.6,True,eu_500
8912753120,low,23.0,193.0,AUSTRIA,1911.0,1784973860.0,60.0,ok,ok,38220038,11.8,True,eu_500
8912752588,high,54.0,184.0,STOCKHOLM,2722.0,1784973826.0,60.0,ok,ok,64613385,5.1,True,eu_500
8912752859,low,23.0,273.0,EUROPE,3318.0,1784973850.0,60.0,ok,ok,71381879,3.8,True,eu_500
8912752494,high,54.0,183.0,STOCKHOLM,1812.0,1784973835.0,60.0,ok,ok,39151254,34.5,True,eu_500
8912752828,low,23.0,186.0,STOCKHOLM,3254.0,1784973850.0,60.0,ok,ok,73117611,7.4,True,eu_500
8912752319,high,54.0,181.0,STOCKHOLM,2505.0,1784973825.0,60.0,ok,ok,68770743,30.6,True,eu_500
8912752639,low,23.0,185.0,STOCKHOLM,1912.0,1784973840.0,60.0,ok,ok,40942191,2.1,True,eu_500
8912752230,high,54.0,183.0,STOCKHOLM,2139.0,1784973820.0,60.0,ok,ok,47379629,4.6,True,eu_500
8912752296,low,23.0,273.0,EUROPE,1578.0,1784973825.0,60.0,ok,ok,31032891,1.6,True,eu_500
8912752146,high,54.0,183.0,STOCKHOLM,2619.0,1784973816.0,60.0,ok,ok,58704766,4.3,True,eu_500
8912751804,low,23.0,184.0,STOCKHOLM,2517.0,1784973800.0,60.0,ok,ok,51542004,8.5,True,eu_500
8912751654,high,54.0,184.0,STOCKHOLM,1609.0,1784973790.0,60.0,ok,ok,32032955,2.1,True,eu_500
8912751678,low,23.0,191.0,AUSTRIA,1908.0,1784973790.0,60.0,ok,ok,43813114,4.5,True,eu_500
8912751585,high,54.0,181.0,STOCKHOLM,4295.0,1784973785.0,60.0,ok,ok,106958378,86.5,True,eu_500
8912751521,low,23.0,183.0,STOCKHOLM,2284.0,1784973785.0,60.0,ok,ok,47826153,5.1,True,eu_500
8912751279,high,54.0,271.0,EUROPE,3564.0,1784973770.0,60.0,ok,ok,84192438,24.0,True,eu_500
8912754306,low,24.0,181.0,STOCKHOLM,2384.0,1784973905.0,60.0,ok,ok,49679596,12.8,True,eu_500
8912751230,high,54.0,272.0,EUROPE,3514.0,1784973765.0,60.0,ok,ok,82462090,24.2,True,eu_500
8912754117,low,24.0,185.0,STOCKHOLM,2873.0,1784973916.0,60.0,ok,ok,64863952,5.1,True,eu_500
8912754076,high,55.0,187.0,STOCKHOLM,1764.0,1784973895.0,60.0,ok,ok,42846251,10.9,True,eu_500
8912753974,low,24.0,182.0,STOCKHOLM,2845.0,1784973910.0,60.0,ok,ok,59988549,5.5,True,eu_500
8912754000,high,55.0,274.0,EUROPE,3315.0,1784973910.0,60.0,ok,ok,81767676,5.5,True,eu_500
8912753918,low,24.0,274.0,EUROPE,3979.0,1784973905.0,60.0,ok,ok,88845830,57.0,True,eu_500
8912753711,high,55.0,183.0,STOCKHOLM,3560.0,1784973896.0,60.0,ok,ok,100692765,33.1,True,eu_500
8912753842,low,24.0,184.0,STOCKHOLM,1591.0,1784973900.0,60.0,ok,ok,35030302,4.4,True,eu_500
8912753592,high,55.0,183.0,STOCKHOLM,2543.0,1784973890.0,60.0,ok,ok,57937065,4.7,True,eu_500
8912753503,high,55.0,185.0,STOCKHOLM,1931.0,1784973885.0,60.0,ok,ok,42676236,3.4,True,eu_500
8912753410,low,24.0,181.0,STOCKHOLM,2502.0,1784973880.0,60.0,ok,ok,54102447,15.7,True,eu_500
8912752922,high,55.0,273.0,EUROPE,1958.0,1784973855.0,60.0,ok,ok,40793317,20.6,True,eu_500
8912753252,low,24.0,271.0,EUROPE,1991.0,1784973860.0,60.0,ok,ok,39700760,4.5,True,eu_500
8912752618,high,55.0,184.0,STOCKHOLM,2051.0,1784973840.0,60.0,ok,ok,44291746,3.8,True,eu_500
8912753079,low,24.0,184.0,STOCKHOLM,2482.0,1784973855.0,60.0,ok,ok,51964113,24.1,True,eu_500
8912752405,high,55.0,181.0,STOCKHOLM,2405.0,1784973795.0,60.0,ok,ok,52143143,22.1,True,eu_500
8912751764,high,55.0,184.0,STOCKHOLM,1848.0,1784973795.0,60.0,ok,ok,39875882,2.6,True,eu_500
8912752714,low,24.0,181.0,STOCKHOLM,2563.0,1784973846.0,60.0,ok,ok,56485986,39.9,True,eu_500
8912751540,high,55.0,185.0,STOCKHOLM,2531.0,1784973785.0,60.0,ok,ok,59847924,4.9,True,eu_500
8912751994,low,24.0,193.0,AUSTRIA,3249.0,1784973805.0,60.0,ok,ok,73904495,68.2,True,eu_500
8912751869,low,24.0,183.0,STOCKHOLM,2168.0,1784973800.0,60.0,ok,ok,47126612,2.4,True,eu_500
8912751307,high,55.0,274.0,EUROPE,2596.0,1784973776.0,60.0,ok,ok,63025394,15.0,True,eu_500
8912751865,low,24.0,184.0,STOCKHOLM,2079.0,1784973800.0,60.0,ok,ok,44047992,2.8,True,eu_500
8912751294,high,55.0,182.0,STOCKHOLM,2464.0,1784973770.0,60.0,ok,ok,54997976,5.2,True,eu_500
8912751712,low,24.0,183.0,STOCKHOLM,3390.0,1784973795.0,60.0,ok,ok,74552135,32.3,True,eu_500
8912751071,high,55.0,272.0,EUROPE,2406.0,1784973761.0,60.0,ok,ok,53727080,3.4,True,eu_500
8912751582,low,24.0,184.0,STOCKHOLM,2067.0,1784973780.0,60.0,ok,ok,50144580,4.3,True,eu_500
8912753389,high,61.0,181.0,STOCKHOLM,2992.0,1784973880.0,60.0,ok,ok,70057272,49.0,True,eu_500
8912751215,low,24.0,193.0,AUSTRIA,1821.0,1784973770.0,60.0,ok,ok,38539483,1.9,True,eu_500
8912754366,low,25.0,187.0,STOCKHOLM,2596.0,1784973921.0,60.0,ok,ok,60048723,49.0,True,eu_500
8912753215,high,61.0,274.0,EUROPE,1967.0,1784973864.0,60.0,ok,ok,42438446,2.8,True,eu_500
8912754214,low,25.0,191.0,AUSTRIA,2906.0,1784973920.0,60.0,ok,ok,59293956,25.8,True,eu_500
8912752641,high,61.0,185.0,STOCKHOLM,3986.0,1784973840.0,60.0,ok,ok,109274984,8.9,True,eu_500
8912754057,low,25.0,182.0,STOCKHOLM,2799.0,1784973914.0,60.0,ok,ok,61300403,3.9,True,eu_500
8912752598,high,61.0,185.0,STOCKHOLM,2362.0,1784973840.0,60.0,ok,ok,57775600,5.8,True,eu_500
8912753383,low,25.0,187.0,STOCKHOLM,3939.0,1784973875.0,60.0,ok,ok,96607288,10.3,True,eu_500
8912752502,high,61.0,181.0,STOCKHOLM,1787.0,1784973835.0,60.0,ok,ok,39432856,8.4,True,eu_500
8912753318,low,25.0,192.0,AUSTRIA,2998.0,1784973875.0,60.0,ok,ok,64722442,7.1,True,eu_500
8912752455,high,61.0,181.0,STOCKHOLM,3171.0,1784973820.0,60.0,ok,ok,70767504,5.4,True,eu_500
8912752413,high,61.0,184.0,STOCKHOLM,1775.0,1784973829.0,60.0,ok,ok,39443805,3.6,True,eu_500
8912753214,low,25.0,185.0,STOCKHOLM,3582.0,1784973861.0,60.0,ok,ok,79040734,34.1,True,eu_500
8912752225,high,61.0,183.0,STOCKHOLM,1590.0,1784973815.0,60.0,ok,ok,35550582,3.3,True,eu_500
8912752854,low,25.0,185.0,STOCKHOLM,2435.0,1784973836.0,60.0,ok,ok,51192031,4.5,True,eu_500
8912752123,high,61.0,184.0,STOCKHOLM,1579.0,1784973810.0,60.0,ok,ok,35086705,1.9,True,eu_500
8912752406,low,25.0,184.0,STOCKHOLM,3019.0,1784973810.0,60.0,ok,ok,72947331,6.3,True,eu_500
8912751206,high,61.0,181.0,STOCKHOLM,3117.0,1784973755.0,60.0,ok,ok,69238436,5.8,True,eu_500
8912751783,low,25.0,191.0,AUSTRIA,2140.0,1784973795.0,60.0,ok,ok,45569498,3.9,True,eu_500
8912754367,high,62.0,182.0,STOCKHOLM,2459.0,1784973925.0,60.0,ok,ok,54101433,4.7,True,eu_500
8912751780,low,25.0,183.0,STOCKHOLM,1998.0,1784973786.0,60.0,ok,ok,43228053,4.4,True,eu_500
8912753930,high,62.0,185.0,STOCKHOLM,2449.0,1784973899.0,60.0,ok,ok,54857158,11.6,True,eu_500
8912751541,low,25.0,182.0,STOCKHOLM,3231.0,1784973785.0,60.0,ok,ok,79667257,6.3,True,eu_500
8912753771,high,62.0,274.0,EUROPE,2850.0,1784973900.0,60.0,ok,ok,64424420,4.4,True,eu_500
8912751354,low,25.0,274.0,EUROPE,2425.0,1784973760.0,60.0,ok,ok,49811580,4.0,True,eu_500
8912753736,high,62.0,185.0,STOCKHOLM,2300.0,1784973875.0,60.0,ok,ok,56442769,4.4,True,eu_500
8912751130,low,25.0,181.0,STOCKHOLM,2832.0,1784973766.0,60.0,ok,ok,70101373,5.2,True,eu_500
8912753727,high,62.0,191.0,AUSTRIA,2519.0,1784973895.0,60.0,ok,ok,53596697,41.0,True,eu_500
8912753459,high,62.0,274.0,EUROPE,1943.0,1784973880.0,60.0,ok,ok,44258995,28.7,True,eu_500
8912754270,low,31.0,274.0,EUROPE,1994.0,1784973910.0,60.0,ok,ok,42604799,3.2,True,eu_500
8912753341,high,62.0,181.0,STOCKHOLM,1690.0,1784973876.0,60.0,ok,ok,36633931,1.9,True,eu_500
8912754200,low,31.0,185.0,STOCKHOLM,3243.0,1784973921.0,60.0,ok,ok,76289434,14.0,True,eu_500
8912753611,low,31.0,181.0,STOCKHOLM,5721.0,1784973890.0,60.0,ok,ok,135230381,9.8,True,eu_500
8912753384,low,31.0,274.0,EUROPE,1834.0,1784973875.0,60.0,ok,ok,36863519,25.8,True,eu_500
8912752305,high,62.0,183.0,STOCKHOLM,3301.0,1784973826.0,60.0,ok,ok,73614624,3.5,True,eu_500
8912753380,low,31.0,181.0,STOCKHOLM,3115.0,1784973870.0,60.0,ok,ok,70639416,30.1,True,eu_500
8912753197,low,31.0,182.0,STOCKHOLM,4074.0,1784973871.0,60.0,ok,ok,103677489,9.9,True,eu_500
8912751733,high,62.0,183.0,STOCKHOLM,1940.0,1784973796.0,60.0,ok,ok,41084459,5.1,True,eu_500
8912752608,low,31.0,184.0,STOCKHOLM,1890.0,1784973811.0,60.0,ok,ok,43287901,7.4,True,eu_500
8912751438,high,62.0,181.0,STOCKHOLM,2075.0,1784973780.0,60.0,ok,ok,58320964,3.5,True,eu_500
8912752530,low,31.0,183.0,STOCKHOLM,3156.0,1784973836.0,60.0,ok,ok,68941473,38.4,True,eu_500
8912751358,high,62.0,183.0,STOCKHOLM,3442.0,1784973779.0,60.0,ok,ok,80113869,5.2,True,eu_500
8912752458,low,31.0,273.0,EUROPE,1860.0,1784973830.0,60.0,ok,ok,41846412,10.8,True,eu_500
8912751304,high,62.0,181.0,STOCKHOLM,2149.0,1784973776.0,60.0,ok,ok,53325230,21.0,True,eu_500
8912751231,high,62.0,183.0,STOCKHOLM,1639.0,1784973765.0,60.0,ok,ok,37239477,5.2,True,eu_500
8912752370,low,31.0,184.0,STOCKHOLM,3138.0,1784973825.0,60.0,ok,ok,72933889,8.4,True,eu_500
8912754469,high,63.0,181.0,STOCKHOLM,3751.0,1784973935.0,60.0,ok,ok,85075795,64.8,True,eu_500
8912754308,high,63.0,182.0,STOCKHOLM,2890.0,1784973914.0,60.0,ok,ok,62809016,15.1,True,eu_500
8912751767,low,31.0,181.0,STOCKHOLM,3003.0,1784973795.0,60.0,ok,ok,63182356,62.0,True,eu_500
8912751584,low,31.0,187.0,STOCKHOLM,2804.0,1784973785.0,60.0,ok,ok,65551637,4.2,True,eu_500
8912751534,low,31.0,183.0,STOCKHOLM,2031.0,1784973779.0,60.0,ok,ok,48100020,3.1,True,eu_500
8912753348,high,63.0,271.0,EUROPE,1894.0,1784973861.0,60.0,ok,ok,41233282,4.5,True,eu_500
8912751384,low,31.0,181.0,STOCKHOLM,2295.0,1784973750.0,60.0,ok,ok,46932998,12.0,True,eu_500
8912753194,high,63.0,274.0,EUROPE,3089.0,1784973871.0,60.0,ok,ok,70888746,14.2,True,eu_500
8912754190,low,32.0,182.0,STOCKHOLM,2829.0,1784973915.0,60.0,ok,ok,65413563,22.4,True,eu_500
8912752771,high,63.0,183.0,STOCKHOLM,3173.0,1784973845.0,60.0,ok,ok,80360317,7.3,True,eu_500
8912752473,high,63.0,184.0,STOCKHOLM,2539.0,1784973825.0,60.0,ok,ok,62225923,5.2,True,eu_500
8912753824,low,32.0,273.0,EUROPE,2165.0,1784973895.0,60.0,ok,ok,50147989,6.5,True,eu_500
8912752461,high,63.0,184.0,STOCKHOLM,2577.0,1784973831.0,60.0,ok,ok,59292669,4.4,True,eu_500
8912753522,low,32.0,185.0,STOCKHOLM,2841.0,1784973885.0,60.0,ok,ok,65506826,3.7,True,eu_500
8912751879,high,63.0,271.0,EUROPE,2894.0,1784973800.0,60.0,ok,ok,68404782,4.3,True,eu_500
8912751693,high,63.0,182.0,STOCKHOLM,2598.0,1784973795.0,60.0,ok,ok,65459020,10.0,True,eu_500
8912753155,low,32.0,187.0,STOCKHOLM,2374.0,1784973865.0,60.0,ok,ok,52651265,42.9,True,eu_500
8912751450,high,63.0,183.0,STOCKHOLM,1866.0,1784973775.0,60.0,ok,ok,42461250,16.6,True,eu_500
8912754085,high,64.0,183.0,STOCKHOLM,2252.0,1784973915.0,60.0,ok,ok,50835790,16.3,True,eu_500
8912752682,low,32.0,185.0,STOCKHOLM,1276.0,1784973835.0,60.0,ok,ok,26063086,2.6,True,eu_500
8912753710,high,64.0,272.0,EUROPE,1586.0,1784973895.0,60.0,ok,ok,32492608,3.7,True,eu_500
8912752856,high,64.0,181.0,STOCKHOLM,2436.0,1784973845.0,60.0,ok,ok,53863066,4.6,True,eu_500
8912752836,high,64.0,182.0,STOCKHOLM,1809.0,1784973845.0,60.0,ok,ok,38892275,3.1,True,eu_500
8912752435,low,32.0,185.0,STOCKHOLM,3617.0,1784973825.0,60.0,ok,ok,78673852,65.3,True,eu_500
8912751831,high,64.0,186.0,STOCKHOLM,3045.0,1784973800.0,60.0,ok,ok,70558122,33.8,True,eu_500
8912752216,low,32.0,184.0,STOCKHOLM,2002.0,1784973820.0,60.0,ok,ok,44568641,3.5,True,eu_500
8912751434,high,64.0,273.0,EUROPE,1988.0,1784973776.0,60.0,ok,ok,42895619,3.1,True,eu_500
8912752120,low,32.0,273.0,EUROPE,2455.0,1784973810.0,60.0,ok,ok,57429875,9.5,True,eu_500
8912751228,high,64.0,181.0,STOCKHOLM,1752.0,1784973765.0,60.0,ok,ok,38241120,4.7,True,eu_500
8912752104,low,32.0,272.0,EUROPE,3236.0,1784973815.0,60.0,ok,ok,69104831,13.2,True,eu_500
8912754390,high,65.0,181.0,STOCKHOLM,1892.0,1784973930.0,60.0,ok,ok,41379337,10.9,True,eu_500
8912752061,low,32.0,185.0,STOCKHOLM,3620.0,1784973810.0,60.0,ok,ok,79452364,5.1,True,eu_500
8912753491,high,65.0,191.0,AUSTRIA,1487.0,1784973875.0,60.0,ok,ok,30597027,3.8,True,eu_500
8912752019,low,32.0,181.0,STOCKHOLM,2322.0,1784973810.0,60.0,ok,ok,50573061,2.5,True,eu_500
8912753260,high,65.0,272.0,EUROPE,2977.0,1784973870.0,60.0,ok,ok,70448617,4.7,True,eu_500
8912752381,high,65.0,272.0,EUROPE,1527.0,1784973825.0,60.0,ok,ok,34722900,23.2,True,eu_500
8912751608,low,32.0,185.0,STOCKHOLM,2820.0,1784973784.0,60.0,ok,ok,62369823,45.8,True,eu_500
8912752351,high,65.0,181.0,STOCKHOLM,2318.0,1784973825.0,60.0,ok,ok,50697188,33.3,True,eu_500
8912751452,low,32.0,182.0,STOCKHOLM,3475.0,1784973776.0,60.0,ok,ok,78949000,21.3,True,eu_500
8912751978,high,65.0,181.0,STOCKHOLM,2119.0,1784973805.0,60.0,ok,ok,51305340,4.9,True,eu_500
8912754346,high,71.0,181.0,STOCKHOLM,1864.0,1784973916.0,60.0,ok,ok,43569027,8.4,True,eu_500
8912754314,high,71.0,182.0,STOCKHOLM,3197.0,1784973924.0,60.0,ok,ok,75814405,4.4,True,eu_500
8912754477,low,33.0,181.0,STOCKHOLM,3225.0,1784973925.0,60.0,ok,ok,70356945,3.4,True,eu_500
8912754208,high,71.0,274.0,EUROPE,1821.0,1784973910.0,60.0,ok,ok,41958602,4.1,True,eu_500
8912754433,low,33.0,183.0,STOCKHOLM,1978.0,1784973930.0,60.0,ok,ok,42740854,5.1,True,eu_500
8912752884,high,71.0,185.0,STOCKHOLM,2556.0,1784973855.0,60.0,ok,ok,59065219,9.1,True,eu_500
8912754411,low,33.0,272.0,EUROPE,1914.0,1784973910.0,60.0,ok,ok,42935944,3.8,True,eu_500
8912752645,high,71.0,184.0,STOCKHOLM,2555.0,1784973840.0,60.0,ok,ok,56758920,8.2,True,eu_500
8912754111,low,33.0,185.0,STOCKHOLM,1922.0,1784973915.0,60.0,ok,ok,41252320,3.6,True,eu_500
8912752529,high,71.0,181.0,STOCKHOLM,2480.0,1784973836.0,60.0,ok,ok,58442305,18.9,True,eu_500
8912754089,low,33.0,185.0,STOCKHOLM,2923.0,1784973915.0,60.0,ok,ok,66187124,5.2,True,eu_500
8912752042,high,71.0,182.0,STOCKHOLM,1438.0,1784973810.0,60.0,ok,ok,31037194,23.5,True,eu_500
8912753800,low,33.0,193.0,AUSTRIA,2084.0,1784973890.0,60.0,ok,ok,44953679,38.5,True,eu_500
8912754480,high,72.0,274.0,EUROPE,3699.0,1784973930.0,60.0,ok,ok,83830885,6.5,True,eu_500
8912753227,low,33.0,181.0,STOCKHOLM,2457.0,1784973871.0,60.0,ok,ok,55284593,19.4,True,eu_500
8912754319,high,72.0,271.0,EUROPE,4311.0,1784973925.0,60.0,ok,ok,104462648,42.1,True,eu_500
8912754109,high,72.0,185.0,STOCKHOLM,3511.0,1784973915.0,60.0,ok,ok,90957295,7.2,True,eu_500
8912752939,low,33.0,184.0,STOCKHOLM,2366.0,1784973856.0,60.0,ok,ok,49578758,14.6,True,eu_500
8912752962,high,72.0,185.0,STOCKHOLM,2429.0,1784973855.0,60.0,ok,ok,56873732,6.3,True,eu_500
8912752802,low,33.0,181.0,STOCKHOLM,2283.0,1784973840.0,60.0,ok,ok,47852769,3.8,True,eu_500
8912752751,high,72.0,187.0,STOCKHOLM,2794.0,1784973845.0,60.0,ok,ok,61310530,3.0,True,eu_500
8912752749,low,33.0,182.0,STOCKHOLM,1722.0,1784973845.0,60.0,ok,ok,38473261,3.2,True,eu_500
8912752391,high,72.0,274.0,EUROPE,2243.0,1784973830.0,60.0,ok,ok,47983049,13.3,True,eu_500
8912752710,low,33.0,184.0,STOCKHOLM,3035.0,1784973845.0,60.0,ok,ok,67399353,5.3,True,eu_500
8912752008,high,72.0,185.0,STOCKHOLM,2044.0,1784973786.0,60.0,ok,ok,45210432,28.0,True,eu_500
8912753779,high,73.0,182.0,STOCKHOLM,2770.0,1784973885.0,60.0,ok,ok,68458974,56.7,True,eu_500
8912752066,low,33.0,184.0,STOCKHOLM,2203.0,1784973811.0,60.0,ok,ok,50196689,4.3,True,eu_500
8912753518,high,73.0,181.0,STOCKHOLM,2272.0,1784973880.0,60.0,ok,ok,50260382,3.3,True,eu_500
8912753226,high,73.0,185.0,STOCKHOLM,1595.0,1784973871.0,60.0,ok,ok,37544239,16.9,True,eu_500
8912751679,low,33.0,185.0,STOCKHOLM,2903.0,1784973791.0,60.0,ok,ok,70816547,25.9,True,eu_500
8912752350,high,73.0,184.0,STOCKHOLM,2490.0,1784973825.0,60.0,ok,ok,57505103,12.2,True,eu_500
8912751210,low,33.0,186.0,STOCKHOLM,2097.0,1784973765.0,60.0,ok,ok,46443215,30.2,True,eu_500
8912751861,high,73.0,182.0,STOCKHOLM,1738.0,1784973796.0,60.0,ok,ok,36535476,3.0,True,eu_500
8912751511,high,73.0,193.0,AUSTRIA,3440.0,1784973780.0,60.0,ok,ok,77954348,33.8,True,eu_500
8912751053,low,33.0,183.0,STOCKHOLM,2516.0,1784973760.0,60.0,ok,ok,54011167,3.6,True,eu_500
8912751491,high,73.0,181.0,STOCKHOLM,2600.0,1784973780.0,60.0,ok,ok,59652404,4.0,True,eu_500
8912751258,high,73.0,185.0,STOCKHOLM,3039.0,1784973765.0,60.0,ok,ok,70625427,56.9,True,eu_500
8912754352,low,34.0,181.0,STOCKHOLM,3101.0,1784973925.0,60.0,ok,ok,68560547,12.2,True,eu_500
8912754431,high,74.0,181.0,STOCKHOLM,2475.0,1784973925.0,60.0,ok,ok,55683030,9.3,True,eu_500
8912754322,low,34.0,183.0,STOCKHOLM,2499.0,1784973925.0,60.0,ok,ok,57127311,4.7,True,eu_500
8912753946,high,74.0,274.0,EUROPE,1887.0,1784973900.0,60.0,ok,ok,42516842,2.1,True,eu_500
8912754295,low,34.0,191.0,AUSTRIA,2744.0,1784973925.0,60.0,ok,ok,57528293,5.0,True,eu_500
8912753787,high,74.0,273.0,EUROPE,2479.0,1784973900.0,60.0,ok,ok,56920459,4.1,True,eu_500
8912754282,low,34.0,181.0,STOCKHOLM,2665.0,1784973925.0,60.0,ok,ok,58544748,4.9,True,eu_500
8912753719,high,74.0,184.0,STOCKHOLM,2439.0,1784973890.0,60.0,ok,ok,52530869,12.7,True,eu_500
8912752623,high,74.0,181.0,STOCKHOLM,1624.0,1784973840.0,60.0,ok,ok,37447634,17.2,True,eu_500
8912751809,high,74.0,181.0,STOCKHOLM,2205.0,1784973800.0,60.0,ok,ok,51696380,3.3,True,eu_500
8912753832,low,34.0,181.0,STOCKHOLM,2402.0,1784973901.0,60.0,ok,ok,52918349,41.7,True,eu_500
8912754371,high,75.0,182.0,STOCKHOLM,2905.0,1784973929.0,60.0,ok,ok,67974174,5.4,True,eu_500
8912754183,high,75.0,182.0,STOCKHOLM,3124.0,1784973905.0,60.0,ok,ok,79440878,39.7,True,eu_500
8912753572,low,34.0,185.0,STOCKHOLM,4275.0,1784973890.0,60.0,ok,ok,99822756,7.9,True,eu_500
8912754157,high,75.0,182.0,STOCKHOLM,2172.0,1784973915.0,60.0,ok,ok,48405108,3.8,True,eu_500
8912753497,low,34.0,185.0,STOCKHOLM,2091.0,1784973884.0,60.0,ok,ok,48972068,13.3,True,eu_500
8912754055,high,75.0,182.0,STOCKHOLM,2349.0,1784973910.0,60.0,ok,ok,54328424,34.7,True,eu_500
8912753407,low,34.0,182.0,STOCKHOLM,2219.0,1784973880.0,60.0,ok,ok,53374422,14.4,True,eu_500
8912754051,high,75.0,271.0,EUROPE,1925.0,1784973905.0,60.0,ok,ok,43743384,3.6,True,eu_500
8912752732,low,34.0,187.0,STOCKHOLM,1894.0,1784973845.0,60.0,ok,ok,43272997,3.4,True,eu_500
8912753902,high,75.0,274.0,EUROPE,2464.0,1784973905.0,60.0,ok,ok,58042625,20.3,True,eu_500
8912752708,low,34.0,182.0,STOCKHOLM,2463.0,1784973845.0,60.0,ok,ok,54661918,18.2,True,eu_500
8912753713,high,75.0,183.0,STOCKHOLM,2818.0,1784973896.0,60.0,ok,ok,65020208,26.9,True,eu_500
8912752646,low,34.0,184.0,STOCKHOLM,2788.0,1784973840.0,60.0,ok,ok,63304129,12.8,True,eu_500
8912753665,high,75.0,185.0,STOCKHOLM,3239.0,1784973895.0,60.0,ok,ok,87286061,5.7,True,eu_500
8912753364,high,75.0,181.0,STOCKHOLM,2140.0,1784973870.0,60.0,ok,ok,46640563,27.7,True,eu_500
8912753305,high,75.0,271.0,EUROPE,4647.0,1784973865.0,60.0,ok,ok,116434694,5.6,True,eu_500
8912752249,low,34.0,182.0,STOCKHOLM,3475.0,1784973810.0,60.0,ok,ok,77080306,26.3,True,eu_500
8912753295,high,75.0,184.0,STOCKHOLM,2369.0,1784973875.0,60.0,ok,ok,55627488,32.3,True,eu_500
8912753255,high,75.0,181.0,STOCKHOLM,2243.0,1784973865.0,60.0,ok,ok,56080152,3.8,True,eu_500
8912752018,low,34.0,183.0,STOCKHOLM,3791.0,1784973810.0,60.0,ok,ok,85383695,31.7,True,eu_500
8912751619,low,34.0,184.0,STOCKHOLM,2688.0,1784973791.0,60.0,ok,ok,62565626,3.8,True,eu_500
8912752963,high,75.0,273.0,EUROPE,2086.0,1784973855.0,60.0,ok,ok,47595013,13.9,True,eu_500
8912752787,high,75.0,273.0,EUROPE,2647.0,1784973846.0,60.0,ok,ok,59535251,4.7,True,eu_500
8912751563,low,34.0,274.0,EUROPE,1861.0,1784973786.0,60.0,ok,ok,38441465,3.4,True,eu_500
8912752784,high,75.0,272.0,EUROPE,2835.0,1784973840.0,60.0,ok,ok,67048360,27.6,True,eu_500
8912752597,high,75.0,271.0,EUROPE,1990.0,1784973840.0,60.0,ok,ok,47338355,6.9,True,eu_500
8912752587,high,75.0,183.0,STOCKHOLM,2175.0,1784973820.0,60.0,ok,ok,49540825,4.1,True,eu_500
8912751086,low,34.0,181.0,STOCKHOLM,1915.0,1784973761.0,60.0,ok,ok,38145188,3.1,True,eu_500
8912752576,high,75.0,183.0,STOCKHOLM,2448.0,1784973835.0,60.0,ok,ok,59743178,4.2,True,eu_500
8912751059,low,34.0,272.0,EUROPE,1760.0,1784973760.0,60.0,ok,ok,37996227,1.9,True,eu_500
8912752504,high,75.0,185.0,STOCKHOLM,2210.0,1784973835.0,60.0,ok,ok,54155801,5.9,True,eu_500
8912752476,high,75.0,186.0,STOCKHOLM,3900.0,1784973830.0,60.0,ok,ok,108987338,15.2,True,eu_500
8912754429,low,35.0,184.0,STOCKHOLM,2356.0,1784973920.0,60.0,ok,ok,56726422,5.3,True,eu_500
8912752009,high,75.0,274.0,EUROPE,1910.0,1784973800.0,60.0,ok,ok,41246509,3.3,True,eu_500
8912754242,low,35.0,273.0,EUROPE,2245.0,1784973915.0,60.0,ok,ok,53474460,4.9,True,eu_500
8912751954,high,75.0,182.0,STOCKHOLM,2278.0,1784973794.0,60.0,ok,ok,53295731,1.1,True,eu_500
8912753956,low,35.0,181.0,STOCKHOLM,2440.0,1784973910.0,60.0,ok,ok,56343120,6.6,True,eu_500
8912751882,high,75.0,184.0,STOCKHOLM,2259.0,1784973805.0,60.0,ok,ok,49143012,3.0,True,eu_500
8912753916,low,35.0,182.0,STOCKHOLM,2459.0,1784973904.0,60.0,ok,ok,58736902,4.4,True,eu_500
8912751860,high,75.0,271.0,EUROPE,1859.0,1784973795.0,60.0,ok,ok,39685489,2.0,True,eu_500
8912753881,low,35.0,185.0,STOCKHOLM,2507.0,1784973905.0,60.0,ok,ok,55290025,4.5,True,eu_500
8912751761,high,75.0,271.0,EUROPE,2087.0,1784973795.0,60.0,ok,ok,51719947,2.8,True,eu_500
8912753841,low,35.0,182.0,STOCKHOLM,2058.0,1784973900.0,60.0,ok,ok,42334019,11.3,True,eu_500
8912751339,high,75.0,271.0,EUROPE,1258.0,1784973761.0,60.0,ok,ok,26618828,16.1,True,eu_500
8912753569,low,35.0,185.0,STOCKHOLM,2279.0,1784973885.0,60.0,ok,ok,48617360,5.6,True,eu_500
8912751321,high,75.0,271.0,EUROPE,1564.0,1784973775.0,60.0,ok,ok,34702456,3.9,True,eu_500
8912753403,low,35.0,184.0,STOCKHOLM,2327.0,1784973880.0,60.0,ok,ok,48866723,3.6,True,eu_500
8912751302,high,75.0,271.0,EUROPE,1969.0,1784973775.0,60.0,ok,ok,43586747,3.8,True,eu_500
8912753322,low,35.0,182.0,STOCKHOLM,2411.0,1784973876.0,60.0,ok,ok,52772011,2.7,True,eu_500
8912751148,high,75.0,183.0,STOCKHOLM,2564.0,1784973766.0,60.0,ok,ok,56885657,6.2,True,eu_500
8912753320,low,35.0,183.0,STOCKHOLM,2289.0,1784973875.0,60.0,ok,ok,50501357,4.9,True,eu_500
8912751098,high,75.0,187.0,STOCKHOLM,2095.0,1784973760.0,60.0,ok,ok,51498736,5.2,True,eu_500
8912753128,low,35.0,182.0,STOCKHOLM,2419.0,1784973865.0,60.0,ok,ok,52394843,9.4,True,eu_500
8912752925,low,35.0,274.0,EUROPE,3453.0,1784973855.0,60.0,ok,ok,74653418,17.1,True,eu_500
8912752812,low,35.0,184.0,STOCKHOLM,1794.0,1784973850.0,60.0,ok,ok,38717386,8.4,True,eu_500
8912752686,low,35.0,183.0,STOCKHOLM,2761.0,1784973845.0,60.0,ok,ok,64807016,4.6,True,eu_500
8912752622,low,35.0,274.0,EUROPE,2393.0,1784973840.0,60.0,ok,ok,52021681,27.2,True,eu_500
8912751922,low,35.0,183.0,STOCKHOLM,2568.0,1784973805.0,60.0,ok,ok,54188643,4.6,True,eu_500
8912751694,low,35.0,185.0,STOCKHOLM,1928.0,1784973795.0,60.0,ok,ok,45472655,3.0,True,eu_500
8912751558,low,35.0,187.0,STOCKHOLM,1848.0,1784973785.0,60.0,ok,ok,40495070,7.6,True,eu_500
8912751319,low,35.0,186.0,STOCKHOLM,1842.0,1784973775.0,60.0,ok,ok,39498458,2.8,True,eu_500
8912751052,low,35.0,181.0,STOCKHOLM,1638.0,1784973760.0,60.0,ok,ok,33082336,2.9,True,eu_500
8912753947,low,41.0,185.0,STOCKHOLM,1568.0,1784973900.0,60.0,ok,ok,33462131,16.3,True,eu_500
8912753866,low,41.0,182.0,STOCKHOLM,1731.0,1784973905.0,60.0,ok,ok,35739106,12.8,True,eu_500
8912753744,low,41.0,273.0,EUROPE,2848.0,1784973895.0,60.0,ok,ok,68224501,22.3,True,eu_500
8912753629,low,41.0,181.0,STOCKHOLM,2064.0,1784973890.0,60.0,ok,ok,46159161,8.6,True,eu_500
8912753613,low,41.0,185.0,STOCKHOLM,1915.0,1784973890.0,60.0,ok,ok,42744772,13.8,True,eu_500
8912753441,low,41.0,182.0,STOCKHOLM,3005.0,1784973870.0,60.0,ok,ok,63600692,5.2,True,eu_500
8912753402,low,41.0,185.0,STOCKHOLM,2484.0,1784973880.0,60.0,ok,ok,52162177,3.8,True,eu_500
8912753216,low,41.0,184.0,STOCKHOLM,2887.0,1784973865.0,60.0,ok,ok,71660570,7.2,True,eu_500
8912753208,low,41.0,182.0,STOCKHOLM,2516.0,1784973845.0,60.0,ok,ok,54392570,22.7,True,eu_500
8912753140,low,41.0,181.0,STOCKHOLM,3271.0,1784973861.0,60.0,ok,ok,74221726,6.6,True,eu_500
8912753087,low,41.0,185.0,STOCKHOLM,3049.0,1784973865.0,60.0,ok,ok,67631088,5.3,True,eu_500
8912752949,low,41.0,274.0,EUROPE,2349.0,1784973855.0,60.0,ok,ok,55046698,4.5,True,eu_500
8912752372,low,41.0,184.0,STOCKHOLM,2187.0,1784973826.0,60.0,ok,ok,48321862,3.2,True,eu_500
8912752303,low,41.0,182.0,STOCKHOLM,1805.0,1784973825.0,60.0,ok,ok,37369421,2.4,True,eu_500
8912752121,low,41.0,273.0,EUROPE,2011.0,1784973810.0,60.0,ok,ok,40937968,23.5,True,eu_500
8912751998,low,41.0,183.0,STOCKHOLM,3058.0,1784973810.0,60.0,ok,ok,72414906,28.7,True,eu_500
8912751886,low,41.0,271.0,EUROPE,1380.0,1784973795.0,60.0,ok,ok,29765057,17.7,True,eu_500
8912751878,low,41.0,272.0,EUROPE,2567.0,1784973800.0,60.0,ok,ok,54977070,3.6,True,eu_500
8912751468,low,41.0,184.0,STOCKHOLM,3152.0,1784973776.0,60.0,ok,ok,69875351,9.6,True,eu_500
8912751107,low,41.0,185.0,STOCKHOLM,1949.0,1784973765.0,60.0,ok,ok,41318511,3.9,True,eu_500
8912751069,low,41.0,182.0,STOCKHOLM,2174.0,1784973760.0,60.0,ok,ok,53161830,5.7,True,eu_500
8912754291,low,42.0,273.0,EUROPE,2958.0,1784973905.0,60.0,ok,ok,64209325,5.1,True,eu_500
8912754219,low,42.0,272.0,EUROPE,2657.0,1784973920.0,60.0,ok,ok,61976232,16.7,True,eu_500
8912753745,low,42.0,182.0,STOCKHOLM,2027.0,1784973896.0,60.0,ok,ok,42062042,4.4,True,eu_500
8912753495,low,42.0,187.0,STOCKHOLM,2368.0,1784973880.0,60.0,ok,ok,49156136,14.3,True,eu_500
8912753446,low,42.0,185.0,STOCKHOLM,2399.0,1784973880.0,60.0,ok,ok,50483901,4.4,True,eu_500
8912753388,low,42.0,181.0,STOCKHOLM,2479.0,1784973880.0,60.0,ok,ok,53459447,4.8,True,eu_500
8912753232,low,42.0,193.0,AUSTRIA,2391.0,1784973871.0,60.0,ok,ok,49152187,13.4,True,eu_500
8912753196,low,42.0,181.0,STOCKHOLM,2658.0,1784973871.0,60.0,ok,ok,56629833,4.1,True,eu_500
8912752846,low,42.0,185.0,STOCKHOLM,2602.0,1784973851.0,60.0,ok,ok,58479748,33.0,True,eu_500
8912752840,low,42.0,274.0,EUROPE,2299.0,1784973850.0,60.0,ok,ok,48179846,11.1,True,eu_500
8912751910,low,42.0,187.0,STOCKHOLM,2886.0,1784973795.0,60.0,ok,ok,65474466,5.1,True,eu_500
8912751819,low,42.0,273.0,EUROPE,2154.0,1784973785.0,60.0,ok,ok,49342108,2.4,True,eu_500
8912751618,low,42.0,187.0,STOCKHOLM,3073.0,1784973790.0,60.0,ok,ok,75353417,6.2,True,eu_500
8912751312,low,42.0,182.0,STOCKHOLM,1721.0,1784973740.0,60.0,ok,ok,36499250,2.4,True,eu_500
8912754341,low,43.0,191.0,AUSTRIA,1887.0,1784973925.0,60.0,ok,ok,37953731,1.9,True,eu_500
8912754196,low,43.0,183.0,STOCKHOLM,3149.0,1784973920.0,60.0,ok,ok,69764775,36.7,True,eu_500
8912754124,low,43.0,272.0,EUROPE,2313.0,1784973891.0,60.0,ok,ok,51675420,3.7,True,eu_500
8912754101,low,43.0,184.0,STOCKHOLM,1858.0,1784973895.0,60.0,ok,ok,37433872,3.0,True,eu_500
8912753981,low,43.0,185.0,STOCKHOLM,2034.0,1784973910.0,60.0,ok,ok,46993874,6.3,True,eu_500
8912753933,low,43.0,191.0,AUSTRIA,1691.0,1784973901.0,60.0,ok,ok,34510827,3.8,True,eu_500
8912753915,low,43.0,182.0,STOCKHOLM,1864.0,1784973901.0,60.0,ok,ok,41252005,13.2,True,eu_500
8912753618,low,43.0,184.0,STOCKHOLM,3320.0,1784973891.0,60.0,ok,ok,75350613,15.3,True,eu_500
8912753539,low,43.0,183.0,STOCKHOLM,2417.0,1784973880.0,60.0,ok,ok,52482804,3.5,True,eu_500
8912753443,low,43.0,181.0,STOCKHOLM,3596.0,1784973876.0,60.0,ok,ok,79968018,6.9,True,eu_500
8912753429,low,43.0,182.0,STOCKHOLM,1399.0,1784973881.0,60.0,ok,ok,29531189,2.0,True,eu_500
8912753324,low,43.0,182.0,STOCKHOLM,3172.0,1784973876.0,60.0,ok,ok,72023106,4.8,True,eu_500
8912753163,low,43.0,274.0,EUROPE,3108.0,1784973870.0,60.0,ok,ok,68937100,5.2,True,eu_500
8912753094,low,43.0,183.0,STOCKHOLM,2371.0,1784973856.0,60.0,ok,ok,51433561,4.4,True,eu_500
8912753002,low,43.0,182.0,STOCKHOLM,2201.0,1784973846.0,60.0,ok,ok,47887700,12.4,True,eu_500
8912752763,low,43.0,192.0,AUSTRIA,1940.0,1784973831.0,60.0,ok,ok,40974212,3.9,True,eu_500
8912752758,low,43.0,185.0,STOCKHOLM,1917.0,1784973845.0,60.0,ok,ok,44144370,34.0,True,eu_500
8912752756,low,43.0,183.0,STOCKHOLM,1904.0,1784973846.0,60.0,ok,ok,38224266,5.6,True,eu_500
8912752672,low,43.0,274.0,EUROPE,1909.0,1784973840.0,60.0,ok,ok,41765967,4.0,True,eu_500
8912752118,low,43.0,185.0,STOCKHOLM,2040.0,1784973810.0,60.0,ok,ok,41455547,27.5,True,eu_500
8912752069,low,43.0,181.0,STOCKHOLM,2044.0,1784973811.0,60.0,ok,ok,43386123,2.1,True,eu_500
8912752037,low,43.0,272.0,EUROPE,2111.0,1784973810.0,60.0,ok,ok,42801154,3.5,True,eu_500
8912751990,low,43.0,274.0,EUROPE,2360.0,1784973795.0,60.0,ok,ok,48845308,6.8,True,eu_500
8912751903,low,43.0,182.0,STOCKHOLM,3139.0,1784973805.0,60.0,ok,ok,68598968,3.3,True,eu_500
8912751673,low,43.0,274.0,EUROPE,1946.0,1784973790.0,60.0,ok,ok,39387466,3.9,True,eu_500
8912751583,low,43.0,271.0,EUROPE,904.0,1784973785.0,60.0,ok,ok,15484650,1.8,True,eu_500
8912751550,low,43.0,181.0,STOCKHOLM,2974.0,1784973776.0,60.0,ok,ok,65639294,7.4,True,eu_500
8912751498,low,43.0,184.0,STOCKHOLM,2389.0,1784973785.0,60.0,ok,ok,49435748,2.5,True,eu_500
8912751393,low,43.0,181.0,STOCKHOLM,2143.0,1784973780.0,60.0,ok,ok,47147517,4.2,True,eu_500
8912751079,low,43.0,181.0,STOCKHOLM,2264.0,1784973755.0,60.0,ok,ok,49653744,41.7,True,eu_500
8912751057,low,43.0,182.0,STOCKHOLM,3651.0,1784973761.0,60.0,ok,ok,84628417,23.3,True,eu_500
8912754221,low,44.0,274.0,EUROPE,2832.0,1784973921.0,60.0,ok,ok,59747055,39.1,True,eu_500
8912754077,low,44.0,181.0,STOCKHOLM,1765.0,1784973901.0,60.0,ok,ok,35487546,2.5,True,eu_500
8912753963,low,44.0,193.0,AUSTRIA,2850.0,1784973895.0,60.0,ok,ok,60138095,51.0,True,eu_500
8912753830,low,44.0,183.0,STOCKHOLM,2588.0,1784973901.0,60.0,ok,ok,57793382,9.6,True,eu_500
8912753801,low,44.0,181.0,STOCKHOLM,3520.0,1784973895.0,60.0,ok,ok,90810083,34.3,True,eu_500
8912753726,low,44.0,182.0,STOCKHOLM,2423.0,1784973895.0,60.0,ok,ok,57291401,17.9,True,eu_500
8912753314,low,44.0,184.0,STOCKHOLM,2172.0,1784973875.0,60.0,ok,ok,48742812,4.3,True,eu_500
8912753071,low,44.0,184.0,STOCKHOLM,1312.0,1784973866.0,60.0,ok,ok,28410653,2.3,True,eu_500
8912753067,low,44.0,182.0,STOCKHOLM,2489.0,1784973865.0,60.0,ok,ok,54887748,3.3,True,eu_500
8912752968,low,44.0,181.0,STOCKHOLM,3062.0,1784973860.0,60.0,ok,ok,67497264,55.3,True,eu_500
8912752757,low,44.0,181.0,STOCKHOLM,1963.0,1784973846.0,60.0,ok,ok,42452538,19.9,True,eu_500
8912752685,low,44.0,184.0,STOCKHOLM,1802.0,1784973841.0,60.0,ok,ok,37142070,2.2,True,eu_500
8912752177,low,44.0,184.0,STOCKHOLM,2544.0,1784973815.0,60.0,ok,ok,56805769,15.5,True,eu_500
8912751890,low,44.0,183.0,STOCKHOLM,3052.0,1784973800.0,60.0,ok,ok,70271419,20.2,True,eu_500
8912751824,low,44.0,274.0,EUROPE,3080.0,1784973795.0,60.0,ok,ok,69546000,6.1,True,eu_500
8912751709,low,44.0,274.0,EUROPE,1908.0,1784973791.0,60.0,ok,ok,38387117,2.5,True,eu_500
8912751610,low,44.0,272.0,EUROPE,2139.0,1784973785.0,60.0,ok,ok,50032149,15.7,True,eu_500
8912751552,low,44.0,182.0,STOCKHOLM,2383.0,1784973780.0,60.0,ok,ok,56566457,4.7,True,eu_500
8912906130,high,51.0,153.0,SINGAPORE,2569.0,1784980985.0,60.0,ok,ok,57105745,3.0,True,holdout_100
8912903021,low,13.0,152.0,SINGAPORE,2005.0,1784980861.0,60.0,ok,ok,40698252,4.2,True,holdout_100
8912902891,low,13.0,152.0,SINGAPORE,2786.0,1784980840.0,60.0,ok,ok,56063793,28.1,True,holdout_100
8912905012,low,14.0,153.0,SINGAPORE,2566.0,1784980932.0,60.0,ok,ok,52087388,22.0,True,holdout_100
8912904913,high,51.0,152.0,SINGAPORE,3308.0,1784980930.0,60.0,ok,ok,76211372,79.3,True,holdout_100
8912903540,low,14.0,152.0,SINGAPORE,2929.0,1784980882.0,60.0,ok,ok,59913172,4.3,True,holdout_100
8912904559,high,51.0,154.0,SINGAPORE,3194.0,1784980925.0,60.0,ok,ok,71681370,6.5,True,holdout_100
8912906167,low,15.0,153.0,SINGAPORE,2355.0,1784980991.0,60.0,ok,ok,52398309,9.6,True,holdout_100
8912904474,high,51.0,151.0,SINGAPORE,1962.0,1784980916.0,60.0,ok,ok,40637427,20.9,True,holdout_100
8912904459,high,51.0,152.0,SINGAPORE,2972.0,1784980921.0,60.0,ok,ok,64463043,30.3,True,holdout_100
8912903957,high,51.0,153.0,SINGAPORE,2516.0,1784980896.0,60.0,ok,ok,54130580,33.4,True,holdout_100
8912903571,high,51.0,172.0,AUSTRALIA,2308.0,1784980880.0,60.0,ok,ok,50431551,30.7,True,holdout_100
8912904955,low,21.0,144.0,JAPAN,2453.0,1784980941.0,60.0,ok,ok,53284405,4.4,True,holdout_100
8912903260,high,51.0,152.0,SINGAPORE,1434.0,1784980865.0,60.0,ok,ok,29135689,2.0,True,holdout_100
8912903806,low,21.0,151.0,SINGAPORE,2293.0,1784980887.0,60.0,ok,ok,45235758,45.4,True,holdout_100
8912903234,high,51.0,145.0,JAPAN,3087.0,1784980846.0,60.0,ok,ok,63618802,4.3,True,holdout_100
8912903373,low,21.0,145.0,JAPAN,3088.0,1784980857.0,60.0,ok,ok,64073643,47.6,True,holdout_100
8912902723,low,21.0,153.0,SINGAPORE,3985.0,1784980851.0,60.0,ok,ok,91613445,54.7,True,holdout_100
8912906165,high,52.0,151.0,SINGAPORE,2341.0,1784980991.0,60.0,ok,ok,53632281,36.6,True,holdout_100
8912905594,low,22.0,152.0,SINGAPORE,2592.0,1784980965.0,60.0,ok,ok,56234848,4.4,True,holdout_100
8912904788,low,22.0,151.0,SINGAPORE,2484.0,1784980925.0,60.0,ok,ok,52277475,15.3,True,holdout_100
8912905928,high,52.0,153.0,SINGAPORE,4706.0,1784980976.0,60.0,ok,ok,111875677,6.4,True,holdout_100
8912904734,low,22.0,144.0,JAPAN,2277.0,1784980930.0,60.0,ok,ok,46369705,5.0,True,holdout_100
8912905443,low,23.0,153.0,SINGAPORE,2530.0,1784980960.0,60.0,ok,ok,55982895,46.1,True,holdout_100
8912903288,high,52.0,151.0,SINGAPORE,2896.0,1784980875.0,60.0,ok,ok,64087306,56.5,True,holdout_100
8912904735,low,23.0,144.0,JAPAN,2301.0,1784980930.0,60.0,ok,ok,46362427,3.4,True,holdout_100
8912903238,high,52.0,153.0,SINGAPORE,2035.0,1784980860.0,60.0,ok,ok,42740505,31.0,True,holdout_100
8912904545,low,23.0,152.0,SINGAPORE,2895.0,1784980910.0,60.0,ok,ok,62027960,35.2,True,holdout_100
8912904282,low,23.0,151.0,SINGAPORE,2708.0,1784980881.0,60.0,ok,ok,54589456,4.4,True,holdout_100
8912904804,high,53.0,152.0,SINGAPORE,3127.0,1784980935.0,60.0,ok,ok,71025743,5.8,True,holdout_100
8912904600,high,53.0,172.0,AUSTRALIA,2122.0,1784980926.0,60.0,ok,ok,44087791,6.9,True,holdout_100
8912905497,low,24.0,151.0,SINGAPORE,2972.0,1784980960.0,60.0,ok,ok,66983160,5.4,True,holdout_100
8912903448,high,53.0,152.0,SINGAPORE,1544.0,1784980881.0,60.0,ok,ok,33065855,16.9,True,holdout_100
8912903154,high,53.0,154.0,SINGAPORE,2417.0,1784980860.0,60.0,ok,ok,51612923,3.8,True,holdout_100
8912903335,low,24.0,153.0,SINGAPORE,2640.0,1784980875.0,60.0,ok,ok,54920264,3.6,True,holdout_100
8912905720,high,54.0,151.0,SINGAPORE,2432.0,1784980955.0,60.0,ok,ok,54652729,28.5,True,holdout_100
8912903110,low,24.0,151.0,SINGAPORE,3564.0,1784980865.0,60.0,ok,ok,88203238,5.6,True,holdout_100
8912903007,low,24.0,152.0,SINGAPORE,2551.0,1784980845.0,60.0,ok,ok,53355841,42.9,True,holdout_100
8912904989,high,54.0,152.0,SINGAPORE,2569.0,1784980940.0,60.0,ok,ok,59877457,5.6,True,holdout_100
8912904100,high,54.0,153.0,SINGAPORE,3035.0,1784980905.0,60.0,ok,ok,75637557,9.8,True,holdout_100
8912903723,high,54.0,152.0,SINGAPORE,1976.0,1784980886.0,60.0,ok,ok,43577030,4.8,True,holdout_100
8912904444,low,25.0,151.0,SINGAPORE,2500.0,1784980911.0,60.0,ok,ok,53582040,2.6,True,holdout_100
8912903423,high,54.0,153.0,SINGAPORE,2280.0,1784980880.0,60.0,ok,ok,48340141,5.3,True,holdout_100
8912904259,low,25.0,152.0,SINGAPORE,2452.0,1784980895.0,60.0,ok,ok,52912588,4.3,True,holdout_100
8912903153,high,54.0,151.0,SINGAPORE,2700.0,1784980846.0,60.0,ok,ok,63468164,49.1,True,holdout_100
8912902957,high,54.0,152.0,SINGAPORE,2274.0,1784980862.0,60.0,ok,ok,53242292,3.5,True,holdout_100
8912905659,high,55.0,201.0,BRAZIL,2281.0,1784980960.0,60.0,ok,ok,48367362,3.2,True,holdout_100
8912905636,low,31.0,144.0,JAPAN,1954.0,1784980936.0,60.0,ok,ok,41374750,2.8,True,holdout_100
8912905073,high,55.0,151.0,SINGAPORE,2505.0,1784980945.0,60.0,ok,ok,55420214,3.2,True,holdout_100
8912905606,low,31.0,153.0,SINGAPORE,2096.0,1784980966.0,60.0,ok,ok,47002146,22.8,True,holdout_100
8912904069,high,55.0,151.0,SINGAPORE,2403.0,1784980905.0,60.0,ok,ok,53633530,30.3,True,holdout_100
8912904849,low,31.0,153.0,SINGAPORE,2668.0,1784980936.0,60.0,ok,ok,65161287,5.7,True,holdout_100
8912903414,high,55.0,152.0,SINGAPORE,2580.0,1784980870.0,60.0,ok,ok,60282088,53.7,True,holdout_100
8912904563,low,31.0,152.0,SINGAPORE,2455.0,1784980925.0,60.0,ok,ok,51362482,22.4,True,holdout_100
8912904012,low,31.0,151.0,SINGAPORE,3069.0,1784980901.0,60.0,ok,ok,71645835,44.2,True,holdout_100
8912905926,high,61.0,151.0,SINGAPORE,2921.0,1784980975.0,60.0,ok,ok,64331973,5.2,True,holdout_100
8912903103,low,31.0,153.0,SINGAPORE,2580.0,1784980860.0,60.0,ok,ok,53921870,3.4,True,holdout_100
8912906015,low,32.0,151.0,SINGAPORE,3377.0,1784980980.0,60.0,ok,ok,76370059,4.8,True,holdout_100
8912905824,high,61.0,152.0,SINGAPORE,2545.0,1784980976.0,60.0,ok,ok,57509102,60.7,True,holdout_100
8912905965,low,32.0,201.0,BRAZIL,2598.0,1784980976.0,60.0,ok,ok,55108208,3.6,True,holdout_100
8912904988,low,32.0,153.0,SINGAPORE,3415.0,1784980936.0,60.0,ok,ok,80672716,7.0,True,holdout_100
8912904071,low,32.0,152.0,SINGAPORE,2505.0,1784980905.0,60.0,ok,ok,58186441,11.8,True,holdout_100
8912903740,high,61.0,152.0,SINGAPORE,2968.0,1784980890.0,60.0,ok,ok,70043775,41.8,True,holdout_100
8912904035,low,32.0,152.0,SINGAPORE,2432.0,1784980895.0,60.0,ok,ok,51712392,11.7,True,holdout_100
8912903570,high,61.0,152.0,SINGAPORE,1450.0,1784980880.0,60.0,ok,ok,30716356,2.4,True,holdout_100
8912903246,high,61.0,152.0,SINGAPORE,3044.0,1784980871.0,60.0,ok,ok,71556372,6.0,True,holdout_100
8912903418,low,32.0,152.0,SINGAPORE,2016.0,1784980875.0,60.0,ok,ok,45216530,37.9,True,holdout_100
8912906228,low,33.0,151.0,SINGAPORE,2283.0,1784980986.0,60.0,ok,ok,48819714,5.2,True,holdout_100
8912906075,low,33.0,151.0,SINGAPORE,2995.0,1784980986.0,60.0,ok,ok,65895014,3.2,True,holdout_100
8912905697,high,62.0,151.0,SINGAPORE,3839.0,1784980970.0,60.0,ok,ok,86822163,22.3,True,holdout_100
8912905185,high,62.0,151.0,SINGAPORE,2174.0,1784980950.0,60.0,ok,ok,49074826,28.2,True,holdout_100
8912905230,low,33.0,151.0,SINGAPORE,2903.0,1784980941.0,60.0,ok,ok,63217743,51.3,True,holdout_100
8912903307,high,62.0,153.0,SINGAPORE,3102.0,1784980875.0,60.0,ok,ok,70058651,4.6,True,holdout_100
8912906069,high,63.0,201.0,BRAZIL,2076.0,1784980981.0,60.0,ok,ok,41958659,2.1,True,holdout_100
8912903928,low,33.0,152.0,SINGAPORE,1999.0,1784980895.0,60.0,ok,ok,41376998,39.0,True,holdout_100
8912905386,high,63.0,152.0,SINGAPORE,2524.0,1784980950.0,60.0,ok,ok,55795509,7.5,True,holdout_100
8912903940,high,63.0,152.0,SINGAPORE,2723.0,1784980901.0,60.0,ok,ok,58985292,13.8,True,holdout_100
8912903224,high,63.0,144.0,JAPAN,2819.0,1784980871.0,60.0,ok,ok,62022479,4.0,True,holdout_100
8912902938,high,63.0,151.0,SINGAPORE,1932.0,1784980850.0,60.0,ok,ok,44483087,40.5,True,holdout_100
8912906127,high,64.0,152.0,SINGAPORE,2511.0,1784980985.0,60.0,ok,ok,56539260,25.6,True,holdout_100
8912904945,low,34.0,152.0,SINGAPORE,3935.0,1784980936.0,60.0,ok,ok,93660833,38.7,True,holdout_100
8912904638,low,34.0,152.0,SINGAPORE,2741.0,1784980926.0,60.0,ok,ok,62288744,45.9,True,holdout_100
8912903134,high,64.0,152.0,SINGAPORE,3833.0,1784980857.0,60.0,ok,ok,87346997,24.5,True,holdout_100
8912904333,low,34.0,151.0,SINGAPORE,2389.0,1784980916.0,60.0,ok,ok,50833501,3.5,True,holdout_100
8912903646,low,34.0,152.0,SINGAPORE,2239.0,1784980880.0,60.0,ok,ok,52233022,29.4,True,holdout_100
8912902898,high,64.0,152.0,SINGAPORE,2477.0,1784980857.0,60.0,ok,ok,54711095,5.5,True,holdout_100
8912902756,high,64.0,152.0,SINGAPORE,2066.0,1784980847.0,60.0,ok,ok,45381541,40.5,True,holdout_100
8912905500,high,65.0,202.0,BRAZIL,2448.0,1784980961.0,60.0,ok,ok,58658296,46.3,True,holdout_100
8912905179,high,65.0,171.0,AUSTRALIA,3796.0,1784980946.0,60.0,ok,ok,89702993,104.9,True,holdout_100
8912904771,high,65.0,153.0,SINGAPORE,2473.0,1784980930.0,60.0,ok,ok,55319135,46.5,True,holdout_100
8912906214,high,71.0,152.0,SINGAPORE,1736.0,1784980991.0,60.0,ok,ok,40553462,24.2,True,holdout_100
8912905677,high,71.0,152.0,SINGAPORE,1637.0,1784980970.0,60.0,ok,ok,35211189,1.8,True,holdout_100
8912905127,low,35.0,151.0,SINGAPORE,2590.0,1784980945.0,60.0,ok,ok,55154067,22.4,True,holdout_100
8912904916,low,35.0,152.0,SINGAPORE,3048.0,1784980935.0,60.0,ok,ok,72086837,54.6,True,holdout_100
8912904402,low,35.0,152.0,SINGAPORE,2060.0,1784980921.0,60.0,ok,ok,43340092,4.7,True,holdout_100
8912903038,low,35.0,151.0,SINGAPORE,2120.0,1784980840.0,60.0,ok,ok,44351643,42.9,True,holdout_100
8912906073,low,41.0,152.0,SINGAPORE,1853.0,1784980986.0,60.0,ok,ok,39249226,3.6,True,holdout_100
8912905493,low,41.0,152.0,SINGAPORE,2746.0,1784980940.0,60.0,ok,ok,58588329,57.9,True,holdout_100
8912905428,low,41.0,145.0,JAPAN,2086.0,1784980950.0,60.0,ok,ok,42894424,2.5,True,holdout_100
8912904998,low,41.0,151.0,SINGAPORE,1937.0,1784980941.0,60.0,ok,ok,39321740,35.0,True,holdout_100
8912662355,low,,,STOCKHOLM,,,,ok,ok,37801759,,True,smoke_eu
8912662393,high,,,STOCKHOLM,,,,ok,ok,45150192,,True,smoke_eu
8912661661,low,,,EUROPE,,,,ok,ok,78452554,,True,smoke_eu
8912659439,high,,,EUROPE,,,,ok,ok,52567350,,True,smoke_eu
8912659556,low,,,STOCKHOLM,,,,ok,ok,34732456,,True,smoke_eu
8912659801,high,,,STOCKHOLM,,,,ok,ok,71862587,,True,smoke_eu
